1;admin-esta é a seção de comentários,admin-seus comentários aparecem aqui
2;admin-esta é a seção de comentários,admin-seus comentários aparecem aqui
3;admin-esta é a seção de comentários,admin-seus comentários aparecem aqui
4;admin-esta é a seção de comentários,admin-seus comentários aparecem aqui
5;admin-esta é a seção de comentários,admin-seus comentários aparecem aqui
6;admin-esta é a seção de comentários,admin-seus comentários aparecem aqui
7;admin-esta é a seção de comentários,admin-seus comentários aparecem aqui
8;admin-esta é a seção de comentários,admin-seus comentários aparecem aqui
9;admin-esta é a seção de comentários,admin-seus comentários aparecem aqui
10;admin-esta é a seção de comentários,admin-seus comentários aparecem aqui
11;admin-esta é a seção de comentários,admin-seus comentários aparecem aqui
12;admin-esta é a seção de comentários,admin-seus comentários aparecem aqui
13;admin-esta é a seção de comentários,admin-seus comentários aparecem aqui
14;admin-esta é a seção de comentários,admin-seus comentários aparecem aqui
15;admin-esta é a seção de comentários,admin-seus comentários aparecem aqui
16;admin-esta é a seção de comentários,admin-seus comentários aparecem aqui
17;admin-esta é a seção de comentários,admin-seus comentários aparecem aqui
18;admin-esta é a seção de comentários,admin-seus comentários aparecem aqui
19;admin-esta é a seção de comentários,admin-seus comentários aparecem aqui
20;admin-esta é a seção de comentários,admin-seus comentários aparecem aqui
21;admin-esta é a seção de comentários,admin-seus comentários aparecem aqui
22;admin-esta é a seção de comentários,admin-seus comentários aparecem aqui
23;admin-esta é a seção de comentários,admin-seus comentários aparecem aqui
24;admin-esta é a seção de comentários,admin-seus comentários aparecem aqui
25;admin-esta é a seção de comentários,admin-seus comentários aparecem aqui
26;admin-esta é a seção de comentários,admin-seus comentários aparecem aqui
27;admin-esta é a seção de comentários,admin-seus comentários aparecem aqui
28;admin-esta é a seção de comentários,admin-seus comentários aparecem aqui
29;admin-esta é a seção de comentários,admin-seus comentários aparecem aqui
30;admin-esta é a seção de comentários,admin-seus comentários aparecem aqui
31;admin-esta é a seção de comentários,admin-seus comentários aparecem aqui
32;admin-esta é a seção de comentários,admin-seus comentários aparecem aqui,admin-a
33;admin-esta é a seção de comentários,admin-seus comentários aparecem aqui
34;admin-esta é a seção de comentários,admin-seus comentários aparecem aqui
35;admin-esta é a seção de comentários,admin-seus comentários aparecem aqui
36;admin-esta é a seção de comentários,admin-seus comentários aparecem aqui